# Performance Monitoring Events for Intel Xeon Processors Based on the Skylake Microarchitecture - V1.21
# 3/16/2020 10:17:19 AM
# Copyright (c) 2007 - 2017 Intel Corporation. All rights reserved.
EventCode	UMask	EventName	BriefDescription	Counter	CounterHTOff	SampleAfterValue	MSRIndex	MSRValue	TakenAlone	CounterMask	Invert	AnyThread	EdgeDetect	PEBS	Data_LA	L1_Hit_Indication	Errata	ELLC	Deprecated
0xB7, 0xBB	0x01	OFFCORE_RESPONSE.DEMAND_DATA_RD.ANY_RESPONSE	Counts demand data reads that have any response type. 	0,1,2,3	0,1,2,3	100003	0x1a6,0x1a7	0x0000010001	0	0	0	0	0	0	0	0	null	0	0
0xB7, 0xBB	0x01	OFFCORE_RESPONSE.DEMAND_DATA_RD.L3_HIT.NO_SNOOP_NEEDED	Counts demand data reads that hit in the L3 and sibling core snoops are not needed as either the core-valid bit is not set or the shared line is present in multiple cores. 	0,1,2,3	0,1,2,3	100003	0x1a6,0x1a7	0x01003C0001	0	0	0	0	0	0	0	0	null	0	0
0xB7, 0xBB	0x01	OFFCORE_RESPONSE.DEMAND_DATA_RD.L3_HIT.HIT_OTHER_CORE_NO_FWD	Counts demand data reads that hit in the L3 and the snoop to one of the sibling cores hits the line in M state and the line is forwarded. 	0,1,2,3	0,1,2,3	100003	0x1a6,0x1a7	0x04003C0001	0	0	0	0	0	0	0	0	null	0	0
0xB7, 0xBB	0x01	OFFCORE_RESPONSE.DEMAND_DATA_RD.L3_HIT.HITM_OTHER_CORE	Counts demand data reads that hit in the L3 and the snoop to one of the sibling cores hits the line in M state and the line is forwarded. 	0,1,2,3	0,1,2,3	100003	0x1a6,0x1a7	0x10003C0001	0	0	0	0	0	0	0	0	null	0	0
0xB7, 0xBB	0x01	OFFCORE_RESPONSE.DEMAND_DATA_RD.L3_HIT.ANY_SNOOP	Counts demand data reads that hit in the L3. 	0,1,2,3	0,1,2,3	100003	0x1a6,0x1a7	0x3F803C0001	0	0	0	0	0	0	0	0	null	0	0
0xB7, 0xBB	0x01	OFFCORE_RESPONSE.DEMAND_DATA_RD.L3_MISS.ANY_SNOOP	Counts demand data reads that miss in the L3. 	0,1,2,3	0,1,2,3	100003	0x1a6,0x1a7	0x3FBC000001	0	0	0	0	0	0	0	0	null	0	0
0xB7, 0xBB	0x01	OFFCORE_RESPONSE.DEMAND_DATA_RD.L3_MISS.REMOTE_HIT_FORWARD	Counts demand data reads that miss the L3 and clean or shared data is transferred from remote cache. 	0,1,2,3	0,1,2,3	100003	0x1a6,0x1a7	0x083FC00001	0	0	0	0	0	0	0	0	null	0	0
0xB7, 0xBB	0x01	OFFCORE_RESPONSE.DEMAND_DATA_RD.L3_MISS.REMOTE_HITM	Counts demand data reads that miss the L3 and the modified data is transferred from remote cache. 	0,1,2,3	0,1,2,3	100003	0x1a6,0x1a7	0x103FC00001	0	0	0	0	0	0	0	0	null	0	0
0xB7, 0xBB	0x01	OFFCORE_RESPONSE.DEMAND_DATA_RD.L3_MISS.SNOOP_MISS_OR_NO_FWD	Counts demand data reads that miss the L3 and the data is returned from local or remote dram. 	0,1,2,3	0,1,2,3	100003	0x1a6,0x1a7	0x063FC00001	0	0	0	0	0	0	0	0	null	0	0
0xB7, 0xBB	0x01	OFFCORE_RESPONSE.DEMAND_DATA_RD.L3_MISS_REMOTE_DRAM.SNOOP_MISS_OR_NO_FWD	Counts demand data reads that miss the L3 and the data is returned from remote dram. 	0,1,2,3	0,1,2,3	100003	0x1a6,0x1a7	0x063B800001	0	0	0	0	0	0	0	0	null	0	0
0xB7, 0xBB	0x01	OFFCORE_RESPONSE.DEMAND_DATA_RD.L3_MISS_LOCAL_DRAM.SNOOP_MISS_OR_NO_FWD	Counts demand data reads that miss the L3 and the data is returned from local dram. 	0,1,2,3	0,1,2,3	100003	0x1a6,0x1a7	0x0604000001	0	0	0	0	0	0	0	0	null	0	0
0xB7, 0xBB	0x01	OFFCORE_RESPONSE.DEMAND_RFO.ANY_RESPONSE	Counts all demand data writes (RFOs) that have any response type. 	0,1,2,3	0,1,2,3	100003	0x1a6,0x1a7	0x0000010002	0	0	0	0	0	0	0	0	null	0	0
0xB7, 0xBB	0x01	OFFCORE_RESPONSE.DEMAND_RFO.L3_HIT.NO_SNOOP_NEEDED	Counts all demand data writes (RFOs) that hit in the L3 and sibling core snoops are not needed as either the core-valid bit is not set or the shared line is present in multiple cores. 	0,1,2,3	0,1,2,3	100003	0x1a6,0x1a7	0x01003C0002	0	0	0	0	0	0	0	0	null	0	0
0xB7, 0xBB	0x01	OFFCORE_RESPONSE.DEMAND_RFO.L3_HIT.HIT_OTHER_CORE_NO_FWD	Counts all demand data writes (RFOs) that hit in the L3 and the snoop to one of the sibling cores hits the line in M state and the line is forwarded. 	0,1,2,3	0,1,2,3	100003	0x1a6,0x1a7	0x04003C0002	0	0	0	0	0	0	0	0	null	0	0
0xB7, 0xBB	0x01	OFFCORE_RESPONSE.DEMAND_RFO.L3_HIT.HITM_OTHER_CORE	Counts all demand data writes (RFOs) that hit in the L3 and the snoop to one of the sibling cores hits the line in M state and the line is forwarded. 	0,1,2,3	0,1,2,3	100003	0x1a6,0x1a7	0x10003C0002	0	0	0	0	0	0	0	0	null	0	0
0xB7, 0xBB	0x01	OFFCORE_RESPONSE.DEMAND_RFO.L3_HIT.ANY_SNOOP	Counts all demand data writes (RFOs) that hit in the L3. 	0,1,2,3	0,1,2,3	100003	0x1a6,0x1a7	0x3F803C0002	0	0	0	0	0	0	0	0	null	0	0
0xB7, 0xBB	0x01	OFFCORE_RESPONSE.DEMAND_RFO.L3_MISS.ANY_SNOOP	Counts all demand data writes (RFOs) that miss in the L3. 	0,1,2,3	0,1,2,3	100003	0x1a6,0x1a7	0x3FBC000002	0	0	0	0	0	0	0	0	null	0	0
0xB7, 0xBB	0x01	OFFCORE_RESPONSE.DEMAND_RFO.L3_MISS.REMOTE_HIT_FORWARD	Counts all demand data writes (RFOs) that miss the L3 and clean or shared data is transferred from remote cache. 	0,1,2,3	0,1,2,3	100003	0x1a6,0x1a7	0x083FC00002	0	0	0	0	0	0	0	0	null	0	0
0xB7, 0xBB	0x01	OFFCORE_RESPONSE.DEMAND_RFO.L3_MISS.REMOTE_HITM	Counts all demand data writes (RFOs) that miss the L3 and the modified data is transferred from remote cache. 	0,1,2,3	0,1,2,3	100003	0x1a6,0x1a7	0x103FC00002	0	0	0	0	0	0	0	0	null	0	0
0xB7, 0xBB	0x01	OFFCORE_RESPONSE.DEMAND_RFO.L3_MISS.SNOOP_MISS_OR_NO_FWD	Counts all demand data writes (RFOs) that miss the L3 and the data is returned from local or remote dram. 	0,1,2,3	0,1,2,3	100003	0x1a6,0x1a7	0x063FC00002	0	0	0	0	0	0	0	0	null	0	0
0xB7, 0xBB	0x01	OFFCORE_RESPONSE.DEMAND_RFO.L3_MISS_REMOTE_DRAM.SNOOP_MISS_OR_NO_FWD	Counts all demand data writes (RFOs) that miss the L3 and the data is returned from remote dram. 	0,1,2,3	0,1,2,3	100003	0x1a6,0x1a7	0x063B800002	0	0	0	0	0	0	0	0	null	0	0
0xB7, 0xBB	0x01	OFFCORE_RESPONSE.DEMAND_RFO.L3_MISS_LOCAL_DRAM.SNOOP_MISS_OR_NO_FWD	Counts all demand data writes (RFOs) that miss the L3 and the data is returned from local dram. 	0,1,2,3	0,1,2,3	100003	0x1a6,0x1a7	0x0604000002	0	0	0	0	0	0	0	0	null	0	0
0xB7, 0xBB	0x01	OFFCORE_RESPONSE.DEMAND_CODE_RD.ANY_RESPONSE	Counts all demand code reads that have any response type. 	0,1,2,3	0,1,2,3	100003	0x1a6,0x1a7	0x0000010004	0	0	0	0	0	0	0	0	null	0	0
0xB7, 0xBB	0x01	OFFCORE_RESPONSE.DEMAND_CODE_RD.L3_HIT.NO_SNOOP_NEEDED	Counts all demand code reads that hit in the L3 and sibling core snoops are not needed as either the core-valid bit is not set or the shared line is present in multiple cores. 	0,1,2,3	0,1,2,3	100003	0x1a6,0x1a7	0x01003C0004	0	0	0	0	0	0	0	0	null	0	0
0xB7, 0xBB	0x01	OFFCORE_RESPONSE.DEMAND_CODE_RD.L3_HIT.HIT_OTHER_CORE_NO_FWD	Counts all demand code reads that hit in the L3 and the snoop to one of the sibling cores hits the line in M state and the line is forwarded. 	0,1,2,3	0,1,2,3	100003	0x1a6,0x1a7	0x04003C0004	0	0	0	0	0	0	0	0	null	0	0
0xB7, 0xBB	0x01	OFFCORE_RESPONSE.DEMAND_CODE_RD.L3_HIT.HITM_OTHER_CORE	Counts all demand code reads that hit in the L3 and the snoop to one of the sibling cores hits the line in M state and the line is forwarded. 	0,1,2,3	0,1,2,3	100003	0x1a6,0x1a7	0x10003C0004	0	0	0	0	0	0	0	0	null	0	0
0xB7, 0xBB	0x01	OFFCORE_RESPONSE.DEMAND_CODE_RD.L3_HIT.ANY_SNOOP	Counts all demand code reads that hit in the L3. 	0,1,2,3	0,1,2,3	100003	0x1a6,0x1a7	0x3F803C0004	0	0	0	0	0	0	0	0	null	0	0
0xB7, 0xBB	0x01	OFFCORE_RESPONSE.DEMAND_CODE_RD.L3_MISS.ANY_SNOOP	Counts all demand code reads that miss in the L3. 	0,1,2,3	0,1,2,3	100003	0x1a6,0x1a7	0x3FBC000004	0	0	0	0	0	0	0	0	null	0	0
0xB7, 0xBB	0x01	OFFCORE_RESPONSE.DEMAND_CODE_RD.L3_MISS.REMOTE_HIT_FORWARD	Counts all demand code reads that miss the L3 and clean or shared data is transferred from remote cache. 	0,1,2,3	0,1,2,3	100003	0x1a6,0x1a7	0x083FC00004	0	0	0	0	0	0	0	0	null	0	0
0xB7, 0xBB	0x01	OFFCORE_RESPONSE.DEMAND_CODE_RD.L3_MISS.REMOTE_HITM	Counts all demand code reads that miss the L3 and the modified data is transferred from remote cache. 	0,1,2,3	0,1,2,3	100003	0x1a6,0x1a7	0x103FC00004	0	0	0	0	0	0	0	0	null	0	0
0xB7, 0xBB	0x01	OFFCORE_RESPONSE.DEMAND_CODE_RD.L3_MISS.SNOOP_MISS_OR_NO_FWD	Counts all demand code reads that miss the L3 and the data is returned from local or remote dram. 	0,1,2,3	0,1,2,3	100003	0x1a6,0x1a7	0x063FC00004	0	0	0	0	0	0	0	0	null	0	0
0xB7, 0xBB	0x01	OFFCORE_RESPONSE.DEMAND_CODE_RD.L3_MISS_REMOTE_DRAM.SNOOP_MISS_OR_NO_FWD	Counts all demand code reads that miss the L3 and the data is returned from remote dram. 	0,1,2,3	0,1,2,3	100003	0x1a6,0x1a7	0x063B800004	0	0	0	0	0	0	0	0	null	0	0
0xB7, 0xBB	0x01	OFFCORE_RESPONSE.DEMAND_CODE_RD.L3_MISS_LOCAL_DRAM.SNOOP_MISS_OR_NO_FWD	Counts all demand code reads that miss the L3 and the data is returned from local dram. 	0,1,2,3	0,1,2,3	100003	0x1a6,0x1a7	0x0604000004	0	0	0	0	0	0	0	0	null	0	0
0xB7, 0xBB	0x01	OFFCORE_RESPONSE.PF_L2_DATA_RD.ANY_RESPONSE	Counts prefetch (that bring data to L2) data reads that have any response type. 	0,1,2,3	0,1,2,3	100003	0x1a6,0x1a7	0x0000010010	0	0	0	0	0	0	0	0	null	0	0
0xB7, 0xBB	0x01	OFFCORE_RESPONSE.PF_L2_DATA_RD.L3_HIT.NO_SNOOP_NEEDED	Counts prefetch (that bring data to L2) data reads that hit in the L3 and sibling core snoops are not needed as either the core-valid bit is not set or the shared line is present in multiple cores. 	0,1,2,3	0,1,2,3	100003	0x1a6,0x1a7	0x01003C0010	0	0	0	0	0	0	0	0	null	0	0
0xB7, 0xBB	0x01	OFFCORE_RESPONSE.PF_L2_DATA_RD.L3_HIT.HIT_OTHER_CORE_NO_FWD	Counts prefetch (that bring data to L2) data reads that hit in the L3 and the snoop to one of the sibling cores hits the line in M state and the line is forwarded. 	0,1,2,3	0,1,2,3	100003	0x1a6,0x1a7	0x04003C0010	0	0	0	0	0	0	0	0	null	0	0
0xB7, 0xBB	0x01	OFFCORE_RESPONSE.PF_L2_DATA_RD.L3_HIT.HITM_OTHER_CORE	Counts prefetch (that bring data to L2) data reads that hit in the L3 and the snoop to one of the sibling cores hits the line in M state and the line is forwarded. 	0,1,2,3	0,1,2,3	100003	0x1a6,0x1a7	0x10003C0010	0	0	0	0	0	0	0	0	null	0	0
0xB7, 0xBB	0x01	OFFCORE_RESPONSE.PF_L2_DATA_RD.L3_HIT.ANY_SNOOP	Counts prefetch (that bring data to L2) data reads that hit in the L3. 	0,1,2,3	0,1,2,3	100003	0x1a6,0x1a7	0x3F803C0010	0	0	0	0	0	0	0	0	null	0	0
0xB7, 0xBB	0x01	OFFCORE_RESPONSE.PF_L2_DATA_RD.L3_MISS.ANY_SNOOP	Counts prefetch (that bring data to L2) data reads that miss in the L3. 	0,1,2,3	0,1,2,3	100003	0x1a6,0x1a7	0x3FBC000010	0	0	0	0	0	0	0	0	null	0	0
0xB7, 0xBB	0x01	OFFCORE_RESPONSE.PF_L2_DATA_RD.L3_MISS.REMOTE_HIT_FORWARD	Counts prefetch (that bring data to L2) data reads that miss the L3 and clean or shared data is transferred from remote cache. 	0,1,2,3	0,1,2,3	100003	0x1a6,0x1a7	0x083FC00010	0	0	0	0	0	0	0	0	null	0	0
0xB7, 0xBB	0x01	OFFCORE_RESPONSE.PF_L2_DATA_RD.L3_MISS.REMOTE_HITM	Counts prefetch (that bring data to L2) data reads that miss the L3 and the modified data is transferred from remote cache. 	0,1,2,3	0,1,2,3	100003	0x1a6,0x1a7	0x103FC00010	0	0	0	0	0	0	0	0	null	0	0
0xB7, 0xBB	0x01	OFFCORE_RESPONSE.PF_L2_DATA_RD.L3_MISS.SNOOP_MISS_OR_NO_FWD	Counts prefetch (that bring data to L2) data reads that miss the L3 and the data is returned from local or remote dram. 	0,1,2,3	0,1,2,3	100003	0x1a6,0x1a7	0x063FC00010	0	0	0	0	0	0	0	0	null	0	0
0xB7, 0xBB	0x01	OFFCORE_RESPONSE.PF_L2_DATA_RD.L3_MISS_REMOTE_DRAM.SNOOP_MISS_OR_NO_FWD	Counts prefetch (that bring data to L2) data reads that miss the L3 and the data is returned from remote dram. 	0,1,2,3	0,1,2,3	100003	0x1a6,0x1a7	0x063B800010	0	0	0	0	0	0	0	0	null	0	0
0xB7, 0xBB	0x01	OFFCORE_RESPONSE.PF_L2_DATA_RD.L3_MISS_LOCAL_DRAM.SNOOP_MISS_OR_NO_FWD	Counts prefetch (that bring data to L2) data reads that miss the L3 and the data is returned from local dram. 	0,1,2,3	0,1,2,3	100003	0x1a6,0x1a7	0x0604000010	0	0	0	0	0	0	0	0	null	0	0
0xB7, 0xBB	0x01	OFFCORE_RESPONSE.PF_L2_RFO.ANY_RESPONSE	Counts all prefetch (that bring data to L2) RFOs that have any response type. 	0,1,2,3	0,1,2,3	100003	0x1a6,0x1a7	0x0000010020	0	0	0	0	0	0	0	0	null	0	0
0xB7, 0xBB	0x01	OFFCORE_RESPONSE.PF_L2_RFO.L3_HIT.NO_SNOOP_NEEDED	Counts all prefetch (that bring data to L2) RFOs that hit in the L3 and sibling core snoops are not needed as either the core-valid bit is not set or the shared line is present in multiple cores. 	0,1,2,3	0,1,2,3	100003	0x1a6,0x1a7	0x01003C0020	0	0	0	0	0	0	0	0	null	0	0
0xB7, 0xBB	0x01	OFFCORE_RESPONSE.PF_L2_RFO.L3_HIT.HIT_OTHER_CORE_NO_FWD	Counts all prefetch (that bring data to L2) RFOs that hit in the L3 and the snoop to one of the sibling cores hits the line in M state and the line is forwarded. 	0,1,2,3	0,1,2,3	100003	0x1a6,0x1a7	0x04003C0020	0	0	0	0	0	0	0	0	null	0	0
0xB7, 0xBB	0x01	OFFCORE_RESPONSE.PF_L2_RFO.L3_HIT.HITM_OTHER_CORE	Counts all prefetch (that bring data to L2) RFOs that hit in the L3 and the snoop to one of the sibling cores hits the line in M state and the line is forwarded. 	0,1,2,3	0,1,2,3	100003	0x1a6,0x1a7	0x10003C0020	0	0	0	0	0	0	0	0	null	0	0
0xB7, 0xBB	0x01	OFFCORE_RESPONSE.PF_L2_RFO.L3_HIT.ANY_SNOOP	Counts all prefetch (that bring data to L2) RFOs that hit in the L3. 	0,1,2,3	0,1,2,3	100003	0x1a6,0x1a7	0x3F803C0020	0	0	0	0	0	0	0	0	null	0	0
0xB7, 0xBB	0x01	OFFCORE_RESPONSE.PF_L2_RFO.L3_MISS.ANY_SNOOP	Counts all prefetch (that bring data to L2) RFOs that miss in the L3. 	0,1,2,3	0,1,2,3	100003	0x1a6,0x1a7	0x3FBC000020	0	0	0	0	0	0	0	0	null	0	0
0xB7, 0xBB	0x01	OFFCORE_RESPONSE.PF_L2_RFO.L3_MISS.REMOTE_HIT_FORWARD	Counts all prefetch (that bring data to L2) RFOs that miss the L3 and clean or shared data is transferred from remote cache. 	0,1,2,3	0,1,2,3	100003	0x1a6,0x1a7	0x083FC00020	0	0	0	0	0	0	0	0	null	0	0
0xB7, 0xBB	0x01	OFFCORE_RESPONSE.PF_L2_RFO.L3_MISS.REMOTE_HITM	Counts all prefetch (that bring data to L2) RFOs that miss the L3 and the modified data is transferred from remote cache. 	0,1,2,3	0,1,2,3	100003	0x1a6,0x1a7	0x103FC00020	0	0	0	0	0	0	0	0	null	0	0
0xB7, 0xBB	0x01	OFFCORE_RESPONSE.PF_L2_RFO.L3_MISS.SNOOP_MISS_OR_NO_FWD	Counts all prefetch (that bring data to L2) RFOs that miss the L3 and the data is returned from local or remote dram. 	0,1,2,3	0,1,2,3	100003	0x1a6,0x1a7	0x063FC00020	0	0	0	0	0	0	0	0	null	0	0
0xB7, 0xBB	0x01	OFFCORE_RESPONSE.PF_L2_RFO.L3_MISS_REMOTE_DRAM.SNOOP_MISS_OR_NO_FWD	Counts all prefetch (that bring data to L2) RFOs that miss the L3 and the data is returned from remote dram. 	0,1,2,3	0,1,2,3	100003	0x1a6,0x1a7	0x063B800020	0	0	0	0	0	0	0	0	null	0	0
0xB7, 0xBB	0x01	OFFCORE_RESPONSE.PF_L2_RFO.L3_MISS_LOCAL_DRAM.SNOOP_MISS_OR_NO_FWD	Counts all prefetch (that bring data to L2) RFOs that miss the L3 and the data is returned from local dram. 	0,1,2,3	0,1,2,3	100003	0x1a6,0x1a7	0x0604000020	0	0	0	0	0	0	0	0	null	0	0
0xB7, 0xBB	0x01	OFFCORE_RESPONSE.PF_L3_DATA_RD.ANY_RESPONSE	Counts all prefetch (that bring data to LLC only) data reads that have any response type. 	0,1,2,3	0,1,2,3	100003	0x1a6,0x1a7	0x0000010080	0	0	0	0	0	0	0	0	null	0	0
0xB7, 0xBB	0x01	OFFCORE_RESPONSE.PF_L3_DATA_RD.L3_HIT.NO_SNOOP_NEEDED	Counts all prefetch (that bring data to LLC only) data reads that hit in the L3 and sibling core snoops are not needed as either the core-valid bit is not set or the shared line is present in multiple cores. 	0,1,2,3	0,1,2,3	100003	0x1a6,0x1a7	0x01003C0080	0	0	0	0	0	0	0	0	null	0	0
0xB7, 0xBB	0x01	OFFCORE_RESPONSE.PF_L3_DATA_RD.L3_HIT.HIT_OTHER_CORE_NO_FWD	Counts all prefetch (that bring data to LLC only) data reads that hit in the L3 and the snoop to one of the sibling cores hits the line in M state and the line is forwarded. 	0,1,2,3	0,1,2,3	100003	0x1a6,0x1a7	0x04003C0080	0	0	0	0	0	0	0	0	null	0	0
0xB7, 0xBB	0x01	OFFCORE_RESPONSE.PF_L3_DATA_RD.L3_HIT.HITM_OTHER_CORE	Counts all prefetch (that bring data to LLC only) data reads that hit in the L3 and the snoop to one of the sibling cores hits the line in M state and the line is forwarded. 	0,1,2,3	0,1,2,3	100003	0x1a6,0x1a7	0x10003C0080	0	0	0	0	0	0	0	0	null	0	0
0xB7, 0xBB	0x01	OFFCORE_RESPONSE.PF_L3_DATA_RD.L3_HIT.ANY_SNOOP	Counts all prefetch (that bring data to LLC only) data reads that hit in the L3. 	0,1,2,3	0,1,2,3	100003	0x1a6,0x1a7	0x3F803C0080	0	0	0	0	0	0	0	0	null	0	0
0xB7, 0xBB	0x01	OFFCORE_RESPONSE.PF_L3_DATA_RD.L3_MISS.ANY_SNOOP	Counts all prefetch (that bring data to LLC only) data reads that miss in the L3. 	0,1,2,3	0,1,2,3	100003	0x1a6,0x1a7	0x3FBC000080	0	0	0	0	0	0	0	0	null	0	0
0xB7, 0xBB	0x01	OFFCORE_RESPONSE.PF_L3_DATA_RD.L3_MISS.REMOTE_HIT_FORWARD	Counts all prefetch (that bring data to LLC only) data reads that miss the L3 and clean or shared data is transferred from remote cache. 	0,1,2,3	0,1,2,3	100003	0x1a6,0x1a7	0x083FC00080	0	0	0	0	0	0	0	0	null	0	0
0xB7, 0xBB	0x01	OFFCORE_RESPONSE.PF_L3_DATA_RD.L3_MISS.REMOTE_HITM	Counts all prefetch (that bring data to LLC only) data reads that miss the L3 and the modified data is transferred from remote cache. 	0,1,2,3	0,1,2,3	100003	0x1a6,0x1a7	0x103FC00080	0	0	0	0	0	0	0	0	null	0	0
0xB7, 0xBB	0x01	OFFCORE_RESPONSE.PF_L3_DATA_RD.L3_MISS.SNOOP_MISS_OR_NO_FWD	Counts all prefetch (that bring data to LLC only) data reads that miss the L3 and the data is returned from local or remote dram. 	0,1,2,3	0,1,2,3	100003	0x1a6,0x1a7	0x063FC00080	0	0	0	0	0	0	0	0	null	0	0
0xB7, 0xBB	0x01	OFFCORE_RESPONSE.PF_L3_DATA_RD.L3_MISS_REMOTE_DRAM.SNOOP_MISS_OR_NO_FWD	Counts all prefetch (that bring data to LLC only) data reads that miss the L3 and the data is returned from remote dram. 	0,1,2,3	0,1,2,3	100003	0x1a6,0x1a7	0x063B800080	0	0	0	0	0	0	0	0	null	0	0
0xB7, 0xBB	0x01	OFFCORE_RESPONSE.PF_L3_DATA_RD.L3_MISS_LOCAL_DRAM.SNOOP_MISS_OR_NO_FWD	Counts all prefetch (that bring data to LLC only) data reads that miss the L3 and the data is returned from local dram. 	0,1,2,3	0,1,2,3	100003	0x1a6,0x1a7	0x0604000080	0	0	0	0	0	0	0	0	null	0	0
0xB7, 0xBB	0x01	OFFCORE_RESPONSE.PF_L3_RFO.ANY_RESPONSE	Counts all prefetch (that bring data to LLC only) RFOs that have any response type. 	0,1,2,3	0,1,2,3	100003	0x1a6,0x1a7	0x0000010100	0	0	0	0	0	0	0	0	null	0	0
0xB7, 0xBB	0x01	OFFCORE_RESPONSE.PF_L3_RFO.L3_HIT.NO_SNOOP_NEEDED	Counts all prefetch (that bring data to LLC only) RFOs that hit in the L3 and sibling core snoops are not needed as either the core-valid bit is not set or the shared line is present in multiple cores. 	0,1,2,3	0,1,2,3	100003	0x1a6,0x1a7	0x01003C0100	0	0	0	0	0	0	0	0	null	0	0
0xB7, 0xBB	0x01	OFFCORE_RESPONSE.PF_L3_RFO.L3_HIT.HIT_OTHER_CORE_NO_FWD	Counts all prefetch (that bring data to LLC only) RFOs that hit in the L3 and the snoop to one of the sibling cores hits the line in M state and the line is forwarded. 	0,1,2,3	0,1,2,3	100003	0x1a6,0x1a7	0x04003C0100	0	0	0	0	0	0	0	0	null	0	0
0xB7, 0xBB	0x01	OFFCORE_RESPONSE.PF_L3_RFO.L3_HIT.HITM_OTHER_CORE	Counts all prefetch (that bring data to LLC only) RFOs that hit in the L3 and the snoop to one of the sibling cores hits the line in M state and the line is forwarded. 	0,1,2,3	0,1,2,3	100003	0x1a6,0x1a7	0x10003C0100	0	0	0	0	0	0	0	0	null	0	0
0xB7, 0xBB	0x01	OFFCORE_RESPONSE.PF_L3_RFO.L3_HIT.ANY_SNOOP	Counts all prefetch (that bring data to LLC only) RFOs that hit in the L3. 	0,1,2,3	0,1,2,3	100003	0x1a6,0x1a7	0x3F803C0100	0	0	0	0	0	0	0	0	null	0	0
0xB7, 0xBB	0x01	OFFCORE_RESPONSE.PF_L3_RFO.L3_MISS.ANY_SNOOP	Counts all prefetch (that bring data to LLC only) RFOs that miss in the L3. 	0,1,2,3	0,1,2,3	100003	0x1a6,0x1a7	0x3FBC000100	0	0	0	0	0	0	0	0	null	0	0
0xB7, 0xBB	0x01	OFFCORE_RESPONSE.PF_L3_RFO.L3_MISS.REMOTE_HIT_FORWARD	Counts all prefetch (that bring data to LLC only) RFOs that miss the L3 and clean or shared data is transferred from remote cache. 	0,1,2,3	0,1,2,3	100003	0x1a6,0x1a7	0x083FC00100	0	0	0	0	0	0	0	0	null	0	0
0xB7, 0xBB	0x01	OFFCORE_RESPONSE.PF_L3_RFO.L3_MISS.REMOTE_HITM	Counts all prefetch (that bring data to LLC only) RFOs that miss the L3 and the modified data is transferred from remote cache. 	0,1,2,3	0,1,2,3	100003	0x1a6,0x1a7	0x103FC00100	0	0	0	0	0	0	0	0	null	0	0
0xB7, 0xBB	0x01	OFFCORE_RESPONSE.PF_L3_RFO.L3_MISS.SNOOP_MISS_OR_NO_FWD	Counts all prefetch (that bring data to LLC only) RFOs that miss the L3 and the data is returned from local or remote dram. 	0,1,2,3	0,1,2,3	100003	0x1a6,0x1a7	0x063FC00100	0	0	0	0	0	0	0	0	null	0	0
0xB7, 0xBB	0x01	OFFCORE_RESPONSE.PF_L3_RFO.L3_MISS_REMOTE_DRAM.SNOOP_MISS_OR_NO_FWD	Counts all prefetch (that bring data to LLC only) RFOs that miss the L3 and the data is returned from remote dram. 	0,1,2,3	0,1,2,3	100003	0x1a6,0x1a7	0x063B800100	0	0	0	0	0	0	0	0	null	0	0
0xB7, 0xBB	0x01	OFFCORE_RESPONSE.PF_L3_RFO.L3_MISS_LOCAL_DRAM.SNOOP_MISS_OR_NO_FWD	Counts all prefetch (that bring data to LLC only) RFOs that miss the L3 and the data is returned from local dram. 	0,1,2,3	0,1,2,3	100003	0x1a6,0x1a7	0x0604000100	0	0	0	0	0	0	0	0	null	0	0
0xB7, 0xBB	0x01	OFFCORE_RESPONSE.PF_L1D_AND_SW.ANY_RESPONSE	Counts L1 data cache hardware prefetch requests and software prefetch requests that have any response type. 	0,1,2,3	0,1,2,3	100003	0x1a6,0x1a7	0x0000010400	0	0	0	0	0	0	0	0	null	0	0
0xB7, 0xBB	0x01	OFFCORE_RESPONSE.PF_L1D_AND_SW.L3_HIT.NO_SNOOP_NEEDED	Counts L1 data cache hardware prefetch requests and software prefetch requests that hit in the L3 and sibling core snoops are not needed as either the core-valid bit is not set or the shared line is present in multiple cores. 	0,1,2,3	0,1,2,3	100003	0x1a6,0x1a7	0x01003C0400	0	0	0	0	0	0	0	0	null	0	0
0xB7, 0xBB	0x01	OFFCORE_RESPONSE.PF_L1D_AND_SW.L3_HIT.HIT_OTHER_CORE_NO_FWD	Counts L1 data cache hardware prefetch requests and software prefetch requests that hit in the L3 and the snoop to one of the sibling cores hits the line in M state and the line is forwarded. 	0,1,2,3	0,1,2,3	100003	0x1a6,0x1a7	0x04003C0400	0	0	0	0	0	0	0	0	null	0	0
0xB7, 0xBB	0x01	OFFCORE_RESPONSE.PF_L1D_AND_SW.L3_HIT.HITM_OTHER_CORE	Counts L1 data cache hardware prefetch requests and software prefetch requests that hit in the L3 and the snoop to one of the sibling cores hits the line in M state and the line is forwarded. 	0,1,2,3	0,1,2,3	100003	0x1a6,0x1a7	0x10003C0400	0	0	0	0	0	0	0	0	null	0	0
0xB7, 0xBB	0x01	OFFCORE_RESPONSE.PF_L1D_AND_SW.L3_HIT.ANY_SNOOP	Counts L1 data cache hardware prefetch requests and software prefetch requests that hit in the L3. 	0,1,2,3	0,1,2,3	100003	0x1a6,0x1a7	0x3F803C0400	0	0	0	0	0	0	0	0	null	0	0
0xB7, 0xBB	0x01	OFFCORE_RESPONSE.PF_L1D_AND_SW.L3_MISS.ANY_SNOOP	Counts L1 data cache hardware prefetch requests and software prefetch requests that miss in the L3. 	0,1,2,3	0,1,2,3	100003	0x1a6,0x1a7	0x3FBC000400	0	0	0	0	0	0	0	0	null	0	0
0xB7, 0xBB	0x01	OFFCORE_RESPONSE.PF_L1D_AND_SW.L3_MISS.REMOTE_HIT_FORWARD	Counts L1 data cache hardware prefetch requests and software prefetch requests that miss the L3 and clean or shared data is transferred from remote cache. 	0,1,2,3	0,1,2,3	100003	0x1a6,0x1a7	0x083FC00400	0	0	0	0	0	0	0	0	null	0	0
0xB7, 0xBB	0x01	OFFCORE_RESPONSE.PF_L1D_AND_SW.L3_MISS.REMOTE_HITM	Counts L1 data cache hardware prefetch requests and software prefetch requests that miss the L3 and the modified data is transferred from remote cache. 	0,1,2,3	0,1,2,3	100003	0x1a6,0x1a7	0x103FC00400	0	0	0	0	0	0	0	0	null	0	0
0xB7, 0xBB	0x01	OFFCORE_RESPONSE.PF_L1D_AND_SW.L3_MISS.SNOOP_MISS_OR_NO_FWD	Counts L1 data cache hardware prefetch requests and software prefetch requests that miss the L3 and the data is returned from local or remote dram. 	0,1,2,3	0,1,2,3	100003	0x1a6,0x1a7	0x063FC00400	0	0	0	0	0	0	0	0	null	0	0
0xB7, 0xBB	0x01	OFFCORE_RESPONSE.PF_L1D_AND_SW.L3_MISS_REMOTE_DRAM.SNOOP_MISS_OR_NO_FWD	Counts L1 data cache hardware prefetch requests and software prefetch requests that miss the L3 and the data is returned from remote dram. 	0,1,2,3	0,1,2,3	100003	0x1a6,0x1a7	0x063B800400	0	0	0	0	0	0	0	0	null	0	0
0xB7, 0xBB	0x01	OFFCORE_RESPONSE.PF_L1D_AND_SW.L3_MISS_LOCAL_DRAM.SNOOP_MISS_OR_NO_FWD	Counts L1 data cache hardware prefetch requests and software prefetch requests that miss the L3 and the data is returned from local dram. 	0,1,2,3	0,1,2,3	100003	0x1a6,0x1a7	0x0604000400	0	0	0	0	0	0	0	0	null	0	0
0xB7, 0xBB	0x01	OFFCORE_RESPONSE.ALL_PF_DATA_RD.ANY_RESPONSE	Counts all prefetch data reads that have any response type. 	0,1,2,3	0,1,2,3	100003	0x1a6,0x1a7	0x0000010490	0	0	0	0	0	0	0	0	null	0	0
0xB7, 0xBB	0x01	OFFCORE_RESPONSE.ALL_PF_DATA_RD.L3_HIT.NO_SNOOP_NEEDED	Counts all prefetch data reads that hit in the L3 and sibling core snoops are not needed as either the core-valid bit is not set or the shared line is present in multiple cores. 	0,1,2,3	0,1,2,3	100003	0x1a6,0x1a7	0x01003C0490	0	0	0	0	0	0	0	0	null	0	0
0xB7, 0xBB	0x01	OFFCORE_RESPONSE.ALL_PF_DATA_RD.L3_HIT.HIT_OTHER_CORE_NO_FWD	Counts all prefetch data reads that hit in the L3 and the snoop to one of the sibling cores hits the line in M state and the line is forwarded. 	0,1,2,3	0,1,2,3	100003	0x1a6,0x1a7	0x04003C0490	0	0	0	0	0	0	0	0	null	0	0
0xB7, 0xBB	0x01	OFFCORE_RESPONSE.ALL_PF_DATA_RD.L3_HIT.HITM_OTHER_CORE	Counts all prefetch data reads that hit in the L3 and the snoop to one of the sibling cores hits the line in M state and the line is forwarded. 	0,1,2,3	0,1,2,3	100003	0x1a6,0x1a7	0x10003C0490	0	0	0	0	0	0	0	0	null	0	0
0xB7, 0xBB	0x01	OFFCORE_RESPONSE.ALL_PF_DATA_RD.L3_HIT.ANY_SNOOP	Counts all prefetch data reads that hit in the L3. 	0,1,2,3	0,1,2,3	100003	0x1a6,0x1a7	0x3F803C0490	0	0	0	0	0	0	0	0	null	0	0
0xB7, 0xBB	0x01	OFFCORE_RESPONSE.ALL_PF_DATA_RD.L3_MISS.ANY_SNOOP	Counts all prefetch data reads that miss in the L3. 	0,1,2,3	0,1,2,3	100003	0x1a6,0x1a7	0x3FBC000490	0	0	0	0	0	0	0	0	null	0	0
0xB7, 0xBB	0x01	OFFCORE_RESPONSE.ALL_PF_DATA_RD.L3_MISS.REMOTE_HIT_FORWARD	Counts all prefetch data reads that miss the L3 and clean or shared data is transferred from remote cache. 	0,1,2,3	0,1,2,3	100003	0x1a6,0x1a7	0x083FC00490	0	0	0	0	0	0	0	0	null	0	0
0xB7, 0xBB	0x01	OFFCORE_RESPONSE.ALL_PF_DATA_RD.L3_MISS.REMOTE_HITM	Counts all prefetch data reads that miss the L3 and the modified data is transferred from remote cache. 	0,1,2,3	0,1,2,3	100003	0x1a6,0x1a7	0x103FC00490	0	0	0	0	0	0	0	0	null	0	0
0xB7, 0xBB	0x01	OFFCORE_RESPONSE.ALL_PF_DATA_RD.L3_MISS.SNOOP_MISS_OR_NO_FWD	Counts all prefetch data reads that miss the L3 and the data is returned from local or remote dram. 	0,1,2,3	0,1,2,3	100003	0x1a6,0x1a7	0x063FC00490	0	0	0	0	0	0	0	0	null	0	0
0xB7, 0xBB	0x01	OFFCORE_RESPONSE.ALL_PF_DATA_RD.L3_MISS_REMOTE_DRAM.SNOOP_MISS_OR_NO_FWD	Counts all prefetch data reads that miss the L3 and the data is returned from remote dram. 	0,1,2,3	0,1,2,3	100003	0x1a6,0x1a7	0x063B800490	0	0	0	0	0	0	0	0	null	0	0
0xB7, 0xBB	0x01	OFFCORE_RESPONSE.ALL_PF_DATA_RD.L3_MISS_LOCAL_DRAM.SNOOP_MISS_OR_NO_FWD	Counts all prefetch data reads that miss the L3 and the data is returned from local dram. 	0,1,2,3	0,1,2,3	100003	0x1a6,0x1a7	0x0604000490	0	0	0	0	0	0	0	0	null	0	0
0xB7, 0xBB	0x01	OFFCORE_RESPONSE.ALL_PF_RFO.ANY_RESPONSE	Counts prefetch RFOs that have any response type. 	0,1,2,3	0,1,2,3	100003	0x1a6,0x1a7	0x0000010120	0	0	0	0	0	0	0	0	null	0	0
0xB7, 0xBB	0x01	OFFCORE_RESPONSE.ALL_PF_RFO.L3_HIT.NO_SNOOP_NEEDED	Counts prefetch RFOs that hit in the L3 and sibling core snoops are not needed as either the core-valid bit is not set or the shared line is present in multiple cores. 	0,1,2,3	0,1,2,3	100003	0x1a6,0x1a7	0x01003C0120	0	0	0	0	0	0	0	0	null	0	0
0xB7, 0xBB	0x01	OFFCORE_RESPONSE.ALL_PF_RFO.L3_HIT.HIT_OTHER_CORE_NO_FWD	Counts prefetch RFOs that hit in the L3 and the snoop to one of the sibling cores hits the line in M state and the line is forwarded. 	0,1,2,3	0,1,2,3	100003	0x1a6,0x1a7	0x04003C0120	0	0	0	0	0	0	0	0	null	0	0
0xB7, 0xBB	0x01	OFFCORE_RESPONSE.ALL_PF_RFO.L3_HIT.HITM_OTHER_CORE	Counts prefetch RFOs that hit in the L3 and the snoop to one of the sibling cores hits the line in M state and the line is forwarded. 	0,1,2,3	0,1,2,3	100003	0x1a6,0x1a7	0x10003C0120	0	0	0	0	0	0	0	0	null	0	0
0xB7, 0xBB	0x01	OFFCORE_RESPONSE.ALL_PF_RFO.L3_HIT.ANY_SNOOP	Counts prefetch RFOs that hit in the L3. 	0,1,2,3	0,1,2,3	100003	0x1a6,0x1a7	0x3F803C0120	0	0	0	0	0	0	0	0	null	0	0
0xB7, 0xBB	0x01	OFFCORE_RESPONSE.ALL_PF_RFO.L3_MISS.ANY_SNOOP	Counts prefetch RFOs that miss in the L3. 	0,1,2,3	0,1,2,3	100003	0x1a6,0x1a7	0x3FBC000120	0	0	0	0	0	0	0	0	null	0	0
0xB7, 0xBB	0x01	OFFCORE_RESPONSE.ALL_PF_RFO.L3_MISS.REMOTE_HIT_FORWARD	Counts prefetch RFOs that miss the L3 and clean or shared data is transferred from remote cache. 	0,1,2,3	0,1,2,3	100003	0x1a6,0x1a7	0x083FC00120	0	0	0	0	0	0	0	0	null	0	0
0xB7, 0xBB	0x01	OFFCORE_RESPONSE.ALL_PF_RFO.L3_MISS.REMOTE_HITM	Counts prefetch RFOs that miss the L3 and the modified data is transferred from remote cache. 	0,1,2,3	0,1,2,3	100003	0x1a6,0x1a7	0x103FC00120	0	0	0	0	0	0	0	0	null	0	0
0xB7, 0xBB	0x01	OFFCORE_RESPONSE.ALL_PF_RFO.L3_MISS.SNOOP_MISS_OR_NO_FWD	Counts prefetch RFOs that miss the L3 and the data is returned from local or remote dram. 	0,1,2,3	0,1,2,3	100003	0x1a6,0x1a7	0x063FC00120	0	0	0	0	0	0	0	0	null	0	0
0xB7, 0xBB	0x01	OFFCORE_RESPONSE.ALL_PF_RFO.L3_MISS_REMOTE_DRAM.SNOOP_MISS_OR_NO_FWD	Counts prefetch RFOs that miss the L3 and the data is returned from remote dram. 	0,1,2,3	0,1,2,3	100003	0x1a6,0x1a7	0x063B800120	0	0	0	0	0	0	0	0	null	0	0
0xB7, 0xBB	0x01	OFFCORE_RESPONSE.ALL_PF_RFO.L3_MISS_LOCAL_DRAM.SNOOP_MISS_OR_NO_FWD	Counts prefetch RFOs that miss the L3 and the data is returned from local dram. 	0,1,2,3	0,1,2,3	100003	0x1a6,0x1a7	0x0604000120	0	0	0	0	0	0	0	0	null	0	0
0xB7, 0xBB	0x01	OFFCORE_RESPONSE.ALL_DATA_RD.ANY_RESPONSE	Counts all demand & prefetch data reads that have any response type. 	0,1,2,3	0,1,2,3	100003	0x1a6,0x1a7	0x0000010491	0	0	0	0	0	0	0	0	null	0	0
0xB7, 0xBB	0x01	OFFCORE_RESPONSE.ALL_DATA_RD.L3_HIT.NO_SNOOP_NEEDED	Counts all demand & prefetch data reads that hit in the L3 and sibling core snoops are not needed as either the core-valid bit is not set or the shared line is present in multiple cores. 	0,1,2,3	0,1,2,3	100003	0x1a6,0x1a7	0x01003C0491	0	0	0	0	0	0	0	0	null	0	0
0xB7, 0xBB	0x01	OFFCORE_RESPONSE.ALL_DATA_RD.L3_HIT.HIT_OTHER_CORE_NO_FWD	Counts all demand & prefetch data reads that hit in the L3 and the snoop to one of the sibling cores hits the line in M state and the line is forwarded. 	0,1,2,3	0,1,2,3	100003	0x1a6,0x1a7	0x04003C0491	0	0	0	0	0	0	0	0	null	0	0
0xB7, 0xBB	0x01	OFFCORE_RESPONSE.ALL_DATA_RD.L3_HIT.HITM_OTHER_CORE	Counts all demand & prefetch data reads that hit in the L3 and the snoop to one of the sibling cores hits the line in M state and the line is forwarded. 	0,1,2,3	0,1,2,3	100003	0x1a6,0x1a7	0x10003C0491	0	0	0	0	0	0	0	0	null	0	0
0xB7, 0xBB	0x01	OFFCORE_RESPONSE.ALL_DATA_RD.L3_HIT.ANY_SNOOP	Counts all demand & prefetch data reads that hit in the L3. 	0,1,2,3	0,1,2,3	100003	0x1a6,0x1a7	0x3F803C0491	0	0	0	0	0	0	0	0	null	0	0
0xB7, 0xBB	0x01	OFFCORE_RESPONSE.ALL_DATA_RD.L3_MISS.ANY_SNOOP	Counts all demand & prefetch data reads that miss in the L3. 	0,1,2,3	0,1,2,3	100003	0x1a6,0x1a7	0x3FBC000491	0	0	0	0	0	0	0	0	null	0	0
0xB7, 0xBB	0x01	OFFCORE_RESPONSE.ALL_DATA_RD.L3_MISS.REMOTE_HIT_FORWARD	Counts all demand & prefetch data reads that miss the L3 and clean or shared data is transferred from remote cache. 	0,1,2,3	0,1,2,3	100003	0x1a6,0x1a7	0x083FC00491	0	0	0	0	0	0	0	0	null	0	0
0xB7, 0xBB	0x01	OFFCORE_RESPONSE.ALL_DATA_RD.L3_MISS.REMOTE_HITM	Counts all demand & prefetch data reads that miss the L3 and the modified data is transferred from remote cache. 	0,1,2,3	0,1,2,3	100003	0x1a6,0x1a7	0x103FC00491	0	0	0	0	0	0	0	0	null	0	0
0xB7, 0xBB	0x01	OFFCORE_RESPONSE.ALL_DATA_RD.L3_MISS.SNOOP_MISS_OR_NO_FWD	Counts all demand & prefetch data reads that miss the L3 and the data is returned from local or remote dram. 	0,1,2,3	0,1,2,3	100003	0x1a6,0x1a7	0x063FC00491	0	0	0	0	0	0	0	0	null	0	0
0xB7, 0xBB	0x01	OFFCORE_RESPONSE.ALL_DATA_RD.L3_MISS_REMOTE_DRAM.SNOOP_MISS_OR_NO_FWD	Counts all demand & prefetch data reads that miss the L3 and the data is returned from remote dram. 	0,1,2,3	0,1,2,3	100003	0x1a6,0x1a7	0x063B800491	0	0	0	0	0	0	0	0	null	0	0
0xB7, 0xBB	0x01	OFFCORE_RESPONSE.ALL_DATA_RD.L3_MISS_LOCAL_DRAM.SNOOP_MISS_OR_NO_FWD	Counts all demand & prefetch data reads that miss the L3 and the data is returned from local dram. 	0,1,2,3	0,1,2,3	100003	0x1a6,0x1a7	0x0604000491	0	0	0	0	0	0	0	0	null	0	0
0xB7, 0xBB	0x01	OFFCORE_RESPONSE.ALL_RFO.ANY_RESPONSE	Counts all demand & prefetch RFOs that have any response type. 	0,1,2,3	0,1,2,3	100003	0x1a6,0x1a7	0x0000010122	0	0	0	0	0	0	0	0	null	0	0
0xB7, 0xBB	0x01	OFFCORE_RESPONSE.ALL_RFO.L3_HIT.NO_SNOOP_NEEDED	Counts all demand & prefetch RFOs that hit in the L3 and sibling core snoops are not needed as either the core-valid bit is not set or the shared line is present in multiple cores. 	0,1,2,3	0,1,2,3	100003	0x1a6,0x1a7	0x01003C0122	0	0	0	0	0	0	0	0	null	0	0
0xB7, 0xBB	0x01	OFFCORE_RESPONSE.ALL_RFO.L3_HIT.HIT_OTHER_CORE_NO_FWD	Counts all demand & prefetch RFOs that hit in the L3 and the snoop to one of the sibling cores hits the line in M state and the line is forwarded. 	0,1,2,3	0,1,2,3	100003	0x1a6,0x1a7	0x04003C0122	0	0	0	0	0	0	0	0	null	0	0
0xB7, 0xBB	0x01	OFFCORE_RESPONSE.ALL_RFO.L3_HIT.HITM_OTHER_CORE	Counts all demand & prefetch RFOs that hit in the L3 and the snoop to one of the sibling cores hits the line in M state and the line is forwarded. 	0,1,2,3	0,1,2,3	100003	0x1a6,0x1a7	0x10003C0122	0	0	0	0	0	0	0	0	null	0	0
0xB7, 0xBB	0x01	OFFCORE_RESPONSE.ALL_RFO.L3_HIT.ANY_SNOOP	Counts all demand & prefetch RFOs that hit in the L3. 	0,1,2,3	0,1,2,3	100003	0x1a6,0x1a7	0x3F803C0122	0	0	0	0	0	0	0	0	null	0	0
0xB7, 0xBB	0x01	OFFCORE_RESPONSE.ALL_RFO.L3_MISS.ANY_SNOOP	Counts all demand & prefetch RFOs that miss in the L3. 	0,1,2,3	0,1,2,3	100003	0x1a6,0x1a7	0x3FBC000122	0	0	0	0	0	0	0	0	null	0	0
0xB7, 0xBB	0x01	OFFCORE_RESPONSE.ALL_RFO.L3_MISS.REMOTE_HIT_FORWARD	Counts all demand & prefetch RFOs that miss the L3 and clean or shared data is transferred from remote cache. 	0,1,2,3	0,1,2,3	100003	0x1a6,0x1a7	0x083FC00122	0	0	0	0	0	0	0	0	null	0	0
0xB7, 0xBB	0x01	OFFCORE_RESPONSE.ALL_RFO.L3_MISS.REMOTE_HITM	Counts all demand & prefetch RFOs that miss the L3 and the modified data is transferred from remote cache. 	0,1,2,3	0,1,2,3	100003	0x1a6,0x1a7	0x103FC00122	0	0	0	0	0	0	0	0	null	0	0
0xB7, 0xBB	0x01	OFFCORE_RESPONSE.ALL_RFO.L3_MISS.SNOOP_MISS_OR_NO_FWD	Counts all demand & prefetch RFOs that miss the L3 and the data is returned from local or remote dram. 	0,1,2,3	0,1,2,3	100003	0x1a6,0x1a7	0x063FC00122	0	0	0	0	0	0	0	0	null	0	0
0xB7, 0xBB	0x01	OFFCORE_RESPONSE.ALL_RFO.L3_MISS_REMOTE_DRAM.SNOOP_MISS_OR_NO_FWD	Counts all demand & prefetch RFOs that miss the L3 and the data is returned from remote dram. 	0,1,2,3	0,1,2,3	100003	0x1a6,0x1a7	0x063B800122	0	0	0	0	0	0	0	0	null	0	0
0xB7, 0xBB	0x01	OFFCORE_RESPONSE.ALL_RFO.L3_MISS_LOCAL_DRAM.SNOOP_MISS_OR_NO_FWD	Counts all demand & prefetch RFOs that miss the L3 and the data is returned from local dram. 	0,1,2,3	0,1,2,3	100003	0x1a6,0x1a7	0x0604000122	0	0	0	0	0	0	0	0	null	0	0
0xB7, 0xBB	0x01	OFFCORE_RESPONSE.DEMAND_DATA_RD.L3_HIT.SNOOP_HIT_WITH_FWD	tbd 	0,1,2,3	0,1,2,3	100003	0x1a6,0x1a7	0x08003C0001	0	0	0	0	0	0	0	0	null	0	0
0xB7, 0xBB	0x01	OFFCORE_RESPONSE.DEMAND_RFO.L3_HIT.SNOOP_HIT_WITH_FWD	tbd 	0,1,2,3	0,1,2,3	100003	0x1a6,0x1a7	0x08003C0002	0	0	0	0	0	0	0	0	null	0	0
0xB7, 0xBB	0x01	OFFCORE_RESPONSE.DEMAND_CODE_RD.L3_HIT.SNOOP_HIT_WITH_FWD	tbd 	0,1,2,3	0,1,2,3	100003	0x1a6,0x1a7	0x08003C0004	0	0	0	0	0	0	0	0	null	0	0
0xB7, 0xBB	0x01	OFFCORE_RESPONSE.PF_L2_DATA_RD.L3_HIT.SNOOP_HIT_WITH_FWD	tbd 	0,1,2,3	0,1,2,3	100003	0x1a6,0x1a7	0x08003C0010	0	0	0	0	0	0	0	0	null	0	0
0xB7, 0xBB	0x01	OFFCORE_RESPONSE.PF_L2_RFO.L3_HIT.SNOOP_HIT_WITH_FWD	tbd 	0,1,2,3	0,1,2,3	100003	0x1a6,0x1a7	0x08003C0020	0	0	0	0	0	0	0	0	null	0	0
0xB7, 0xBB	0x01	OFFCORE_RESPONSE.PF_L3_DATA_RD.L3_HIT.SNOOP_HIT_WITH_FWD	tbd 	0,1,2,3	0,1,2,3	100003	0x1a6,0x1a7	0x08003C0080	0	0	0	0	0	0	0	0	null	0	0
0xB7, 0xBB	0x01	OFFCORE_RESPONSE.PF_L3_RFO.L3_HIT.SNOOP_HIT_WITH_FWD	tbd 	0,1,2,3	0,1,2,3	100003	0x1a6,0x1a7	0x08003C0100	0	0	0	0	0	0	0	0	null	0	0
0xB7, 0xBB	0x01	OFFCORE_RESPONSE.PF_L1D_AND_SW.L3_HIT.SNOOP_HIT_WITH_FWD	tbd 	0,1,2,3	0,1,2,3	100003	0x1a6,0x1a7	0x08003C0400	0	0	0	0	0	0	0	0	null	0	0
0xB7, 0xBB	0x01	OFFCORE_RESPONSE.ALL_PF_DATA_RD.L3_HIT.SNOOP_HIT_WITH_FWD	tbd 	0,1,2,3	0,1,2,3	100003	0x1a6,0x1a7	0x08003C0490	0	0	0	0	0	0	0	0	null	0	0
0xB7, 0xBB	0x01	OFFCORE_RESPONSE.ALL_PF_RFO.L3_HIT.SNOOP_HIT_WITH_FWD	tbd 	0,1,2,3	0,1,2,3	100003	0x1a6,0x1a7	0x08003C0120	0	0	0	0	0	0	0	0	null	0	0
0xB7, 0xBB	0x01	OFFCORE_RESPONSE.ALL_DATA_RD.L3_HIT.SNOOP_HIT_WITH_FWD	tbd 	0,1,2,3	0,1,2,3	100003	0x1a6,0x1a7	0x08003C0491	0	0	0	0	0	0	0	0	null	0	0
0xB7, 0xBB	0x01	OFFCORE_RESPONSE.ALL_RFO.L3_HIT.SNOOP_HIT_WITH_FWD	tbd 	0,1,2,3	0,1,2,3	100003	0x1a6,0x1a7	0x08003C0122	0	0	0	0	0	0	0	0	null	0	0
