[
  {
    "Unit": "CHA",
    "EventCode": "0x00",
    "UMask": "0x00",
    "PortMask": "0x00",
    "FCMask": "0x00",
    "UMaskExt": "0x00",
    "EventName": "UNC_CHA_CLOCKTICKS",
    "BriefDescription": "Clockticks of the uncore caching and home agent (CHA)",
    "PublicDescription": "Clockticks of the uncore caching and home agent (CHA)",
    "Counter": "0,1,2,3",
    "MSRValue": "0x00",
    "ELLC": "0",
    "Filter": "na",
    "ExtSel": "0",
    "Deprecated": "0",
    "FILTER_VALUE": "0"
  },
  {
    "Unit": "IIO",
    "EventCode": "0x01",
    "UMask": "0x00",
    "PortMask": "0x00",
    "FCMask": "0x00",
    "UMaskExt": "0x00",
    "EventName": "UNC_IIO_CLOCKTICKS",
    "BriefDescription": "Clockticks of the integrated IO (IIO) traffic controller",
    "PublicDescription": "Clockticks of the integrated IO (IIO) traffic controller",
    "Counter": "0,1,2,3",
    "MSRValue": "0x00",
    "ELLC": "0",
    "Filter": "na",
    "ExtSel": "0",
    "Deprecated": "0",
    "FILTER_VALUE": "0"
  },
  {
    "Unit": "IRP",
    "EventCode": "0x01",
    "UMask": "0x00",
    "PortMask": "0x00",
    "FCMask": "0x00",
    "UMaskExt": "0x00",
    "EventName": "UNC_I_CLOCKTICKS",
    "BriefDescription": "Clockticks of the IO coherency tracker (IRP)",
    "PublicDescription": "Clockticks of the IO coherency tracker (IRP)",
    "Counter": "0,1",
    "MSRValue": "0x00",
    "ELLC": "0",
    "Filter": "na",
    "ExtSel": "0",
    "Deprecated": "0",
    "FILTER_VALUE": "0"
  },
  {
    "Unit": "iMC",
    "EventCode": "0x04",
    "UMask": "0x0f",
    "PortMask": "0x00",
    "FCMask": "0x00",
    "UMaskExt": "0x00",
    "EventName": "UNC_M_CAS_COUNT.RD",
    "BriefDescription": "All DRAM read CAS commands issued (including underfills)",
    "PublicDescription": "tbd",
    "Counter": "0,1,2,3",
    "MSRValue": "0x00",
    "ELLC": "0",
    "Filter": "na",
    "ExtSel": "0",
    "Deprecated": "0",
    "FILTER_VALUE": "0"
  },
  {
    "Unit": "iMC",
    "EventCode": "0x04",
    "UMask": "0x30",
    "PortMask": "0x00",
    "FCMask": "0x00",
    "UMaskExt": "0x00",
    "EventName": "UNC_M_CAS_COUNT.WR",
    "BriefDescription": "All DRAM write CAS commands issued",
    "PublicDescription": "tbd",
    "Counter": "0,1,2,3",
    "MSRValue": "0x00",
    "ELLC": "0",
    "Filter": "na",
    "ExtSel": "0",
    "Deprecated": "0",
    "FILTER_VALUE": "0"
  },
  {
    "Unit": "iMC",
    "EventCode": "0x00",
    "UMask": "0x00",
    "PortMask": "0x00",
    "FCMask": "0x00",
    "UMaskExt": "0x00",
    "EventName": "UNC_M_CLOCKTICKS",
    "BriefDescription": "Clockticks of the integrated memory controller (IMC)",
    "PublicDescription": "Clockticks of the integrated memory controller (IMC)",
    "Counter": "0,1,2,3",
    "MSRValue": "0x00",
    "ELLC": "0",
    "Filter": "na",
    "ExtSel": "0",
    "Deprecated": "0",
    "FILTER_VALUE": "0"
  },
  {
    "Unit": "M2M",
    "EventCode": "0x00",
    "UMask": "0x00",
    "PortMask": "0x00",
    "FCMask": "0x00",
    "UMaskExt": "0x00",
    "EventName": "UNC_M2M_CLOCKTICKS",
    "BriefDescription": "Clockticks of the mesh to memory (M2M)",
    "PublicDescription": "Clockticks of the mesh to memory (M2M)",
    "Counter": "0,1,2,3",
    "MSRValue": "0x00",
    "ELLC": "0",
    "Filter": "na",
    "ExtSel": "0",
    "Deprecated": "0",
    "FILTER_VALUE": "0"
  },
  {
    "Unit": "M2PCIe",
    "EventCode": "0x01",
    "UMask": "0x00",
    "PortMask": "0x00",
    "FCMask": "0x00",
    "UMaskExt": "0x00",
    "EventName": "UNC_M2P_CLOCKTICKS",
    "BriefDescription": "Clockticks of the mesh to PCI (M2P)",
    "PublicDescription": "Clockticks of the mesh to PCI (M2P)",
    "Counter": "0,1,2,3",
    "MSRValue": "0x00",
    "ELLC": "0",
    "Filter": "na",
    "ExtSel": "0",
    "Deprecated": "0",
    "FILTER_VALUE": "0"
  },
  {
    "Unit": "UBOX",
    "EventCode": "0x00",
    "UMask": "0x01",
    "PortMask": "0x00",
    "FCMask": "0x00",
    "UMaskExt": "0x00",
    "EventName": "UNC_U_CLOCKTICKS",
    "BriefDescription": "Clockticks in the UBOX using a dedicated 48-bit Fixed Counter",
    "PublicDescription": "Clockticks in the UBOX using a dedicated 48-bit Fixed Counter",
    "Counter": "FIXED",
    "MSRValue": "0x00",
    "ELLC": "0",
    "Filter": "na",
    "ExtSel": "0",
    "Deprecated": "0",
    "FILTER_VALUE": "0"
  },
  {
    "Unit": "PCU",
    "EventCode": "0x00",
    "UMask": "0x00",
    "PortMask": "0x00",
    "FCMask": "0x00",
    "UMaskExt": "0x00",
    "EventName": "UNC_P_CLOCKTICKS",
    "BriefDescription": "Clockticks of the power control unit (PCU)",
    "PublicDescription": "Clockticks of the power control unit (PCU)",
    "Counter": "0,1,2,3",
    "MSRValue": "0x00",
    "ELLC": "0",
    "Filter": "na",
    "ExtSel": "0",
    "Deprecated": "0",
    "FILTER_VALUE": "0"
  }
]